{
    "services": [
        {
            "name": "Minecraft (Proxy)",
            "address": "mc.arkflame.com",
            "port": 25565,
            "connection": "minecraft",
            "description": "Reverse proxy",
            "icon": "https://www.minecraft.net/etc.clientlibs/minecraft/clientlibs/main/resources/img/GrassBlock_HighRes.png"
        },

        {
            "name": "Minecraft (Spigot)",
            "address": "127.0.0.1",
            "port": 25566,
            "connection": "minecraft",
            "description": "This is the spigot Server",
            "icon": "https://www.minecraft.net/etc.clientlibs/minecraft/clientlibs/main/resources/img/GrassBlock_HighRes.png"
        },

        {
            "name": "Web",
            "address": "127.0.0.1",
            "port": 80,
            "connection": "tcp",
            "description": "Server website",
            "icon": "https://www.valerte.com/images/valerte/web-1.png"
        }
    ]
}